x;Indígena;No indígena
2000;77.2722552478588;41.8939982247752
2006;74.9817182959999;36.3232527683497
2014;79.2156625612348;46.5657497167415
