x;Urbana;Rural
2000;27.3477728941257;74.5281678130862
2006;30.1565902518536;70.5497379963308
2014;42.146441849036;76.1027151898926
