x;Urbana;Rural
2000;27.3477728941257;74.5281678130862
2006;30.1565902518536;70.5497379963308
2011;34.9676828231178;71.3544080149536
2014;0;0
