x;Indígena;No indígena
2000;77.2722552478588;41.8939982247752
2006;74.9817182959999;36.3232527683497
2011;73.4068457262936;40.5843910366334
2014;0;0
