x;Urbana;Rural
2000;2.83233638773467;23.7594235803547
2006;5.33271513117193;24.4320442138849
2011;5.06506062738176;21.1175811056237
2014;0;0
