x;Indígena;No indígena
2000;27.0942744519458;7.80938318068351
2006;27.3033981292442;7.75738140981386
2011;22.261823075232;7.38378016714649
2014;0;0
