x;Indígena;No indígena
2000;27.0942744519458;7.80938318068351
2006;27.3033981292442;7.75738140981386
2014;39.7533999619449;12.8452526090207
